<?xml version='1.0' encoding='utf-8'?>
<!DOCTYPE hibernate-configuration PUBLIC
        "-//Hibernate/Hibernate Configuration DTD 3.0//EN"
        "http://hibernate.sourceforge.net/hibernate-configuration-3.0.dtd">

<hibernate-configuration>

    <session-factory>

        <!-- Database connection settings -->
        <property name="connection.driver_class">com.mysql.jdbc.Driver</property>
        <property name="connection.url">jdbc:mysql://localhost:3306/budding__db_poetry</property>
        <property name="connection.username">root</property>
        <property name="connection.password"></property>
       
        <property name="connection.autocommit">true</property>
        
        <!-- JDBC connection pool (use the built-in) -->
        <property name="connection.pool_size">100</property>

        <!-- SQL dialect -->
        <property name="dialect">org.hibernate.dialect.MySQL5Dialect</property>

        <!-- Enable Hibernate's automatic session context management -->
        <property name="current_session_context_class">thread</property>

        <!-- Disable the second-level cache  -->
        <property name="cache.provider_class">org.hibernate.cache.NoCacheProvider</property>
  
        <!-- Echo all executed SQL to stdout -->
        <property name="show_sql">true</property>

        <property name="hibernate.hbm2ddl.auto">create</property>
        
        <mapping class="com.buddingpoetry.pojo.User"/>
        <mapping class="com.buddingpoetry.pojo.Post"/>
        <mapping class="com.buddingpoetry.pojo.PostCategory"/>
        <mapping class="com.buddingpoetry.pojo.Likes"/>
        <mapping class="com.buddingpoetry.pojo.UserSubscription"/>
        <mapping class="com.buddingpoetry.pojo.Book"/>
        <mapping class="com.buddingpoetry.pojo.AdminRequests"/>
        <mapping class="com.buddingpoetry.pojo.Item"/>
        <mapping class="com.buddingpoetry.pojo.CartOrder"/>
        <mapping class="com.buddingpoetry.pojo.Contest"/>
        <mapping class="com.buddingpoetry.pojo.Participants"/>
      
       
    </session-factory>

</hibernate-configuration>